driverId,teamDeltaAvg,teamDeltaNormAvg,teamDeltaSum,teamDeltaNormSum,driverRef,avgWins,avgPoints,totalWins,totalPoints,avgWinsNorm,avgPointsNorm
657,0.0,0.0,0.0,0.0,vukovich,1.0,25.0,2.0,50.0,1.0,25.0
375,0.0,0.0,0.0,0.0,scarfiotti,1.0,25.0,1.0,25.0,1.0,25.0
766,0.0,0.0,0.0,0.0,wallard,1.0,25.0,1.0,25.0,1.0,25.0
373,2409.375,2905.521923689161,77100.0,92976.70155805316,clark,2.7777777777777777,80.77777777777777,25.0,727.0,0.7138888888888889,21.98611111111111
579,2575.675675675676,2779.459634106433,95300.0,102840.00646193803,fangio,3.0,102.0,24.0,816.0,0.6020833333333333,21.339583333333334
647,287.5,291.62355709735664,4600.0,4665.976913557706,ascari,3.25,97.75,13.0,391.0,0.5833333333333334,21.833333333333332
475,3262.962962962963,4145.828212365482,88100.0,111937.361733868,moss,2.2857142857142856,79.71428571428571,16.0,558.0,0.5785714285714285,20.62142857142857
786,23050.0,22471.073485963443,138300.0,134826.44091578067,fagioli,0.5,56.0,1.0,112.0,0.5,21.2
479,0.0,0.0,0.0,0.0,brooks,1.5,56.5,6.0,226.0,0.5,19.9375
526,86340.0,62759.544589878664,172680.0,125519.08917975733,ruttman,0.5,18.5,1.0,37.0,0.5,18.5
320,0.0,0.0,0.0,0.0,gethin,0.5,16.5,1.0,33.0,0.5,16.5
628,0.0,0.0,0.0,0.0,sweikert,0.5,16.5,1.0,33.0,0.5,16.5
219,7432.5,12348.725003489044,29730.0,49394.900013956176,jabouille,0.5,15.5,2.0,62.0,0.5,15.5
394,148000.0,156122.4474525027,444000.0,468367.34235750814,baghetti,0.5,18.0,1.0,36.0,0.5,15.25
559,233270.0,166152.2857246646,466540.0,332304.5714493292,flaherty,0.5,13.0,1.0,26.0,0.5,13.0
328,11372.88,14984.04869228254,568644.0,749202.434614127,stewart,3.0,111.33333333333333,27.0,1002.0,0.4986531986531987,19.77121212121212
102,2643.8117647058825,4329.4107189124325,224724.0,367999.9111075568,senna,4.1,172.0,41.0,1720.0,0.4354062604062604,19.865970695970695
117,4789.27731092437,8077.006463227508,569924.0,961163.7691240734,prost,3.923076923076923,179.07692307692307,51.0,2328.0,0.3954468608314762,18.797814365122058
30,2436.557077625571,4466.248113724411,533606.0,978108.3369056461,michael_schumacher,4.7894736842105265,200.57894736842104,91.0,3811.0,0.3737840547825068,16.77564385648751
1,5433.241134751773,9616.870749565638,1532174.0,2711957.5513775097,hamilton,6.0588235294117645,286.29411764705884,103.0,4867.0,0.3492818696105893,16.959789106561097
641,117450.0,96459.86103957439,469800.0,385839.44415829756,taruffi,0.3333333333333333,23.666666666666668,1.0,71.0,0.3333333333333333,19.0
345,0.0,0.0,0.0,0.0,rodriguez,0.5,36.0,2.0,144.0,0.3333333333333333,17.416666666666664
449,128203.33333333333,91758.67407164285,384610.0,275276.0222149285,ward,0.3333333333333333,15.666666666666666,1.0,47.0,0.3333333333333333,15.666666666666666
95,6165.971014492754,11276.0771022725,425452.0,778049.3200568025,mansell,2.3846153846153846,103.3076923076923,31.0,1343.0,0.31495726495726495,17.69920634920635
830,2846.5693430656934,4592.859302674856,389980.0,629221.7244664553,max_verstappen,5.0,251.0,45.0,2259.0,0.3082310897068379,15.933834995986697
71,7946.701754385965,14217.920311396376,452962.0,810421.4577495934,damon_hill,3.142857142857143,145.42857142857142,22.0,1018.0,0.30086580086580084,15.727922077922077
182,6465.176470588235,10731.07208303058,439632.0,729712.9016460795,lauda,2.272727272727273,114.0,25.0,1254.0,0.291538764266037,16.473730814639904
364,4190.0,5711.865701473335,87990.0,119949.17973094004,gurney,0.4444444444444444,36.888888888888886,4.0,332.0,0.2777777777777778,15.422222222222224
581,50077.77777777778,61002.06677901206,450700.0,549018.6010111085,collins,1.0,55.333333333333336,3.0,166.0,0.27777777777777773,17.722222222222225
137,4699.872093023256,8771.41931525356,404189.0,754342.0611118063,piquet,1.7692307692307692,111.61538461538461,23.0,1451.0,0.2653596403596404,16.03941058941059
404,17460.0,21534.633280683884,87300.0,107673.16640341943,ireland,0.5,44.0,1.0,88.0,0.25,17.75
525,80497.5,57655.20116202116,321990.0,230620.80464808465,bryan,0.25,16.5,1.0,66.0,0.25,16.5
238,3552.55,5847.973130358294,142102.0,233918.92521433174,peterson,1.25,80.75,10.0,646.0,0.22777777777777777,15.1125
358,7213.333333333333,8175.6016472099445,108200.0,122634.02470814917,rindt,1.0,47.0,6.0,282.0,0.2222222222222222,16.63888888888889
346,51840.0,57107.68078955983,518400.0,571076.8078955984,siffert,0.3333333333333333,24.833333333333332,2.0,149.0,0.2222222222222222,13.722222222222221
178,3827.5675675675675,6644.263655829278,141620.0,245837.75526568328,jones,1.7142857142857142,88.57142857142857,12.0,620.0,0.22222222222222218,13.398412698412699
231,0.0,0.0,0.0,0.0,hunt,1.6666666666666667,92.66666666666667,10.0,556.0,0.21825396825396823,16.280423280423282
235,1236.774193548387,2506.150769121113,38340.0,77690.6738427545,ickx,0.8888888888888888,54.888888888888886,8.0,494.0,0.21481481481481482,14.22777777777778
642,46398.94736842105,46420.71883063203,881580.0,881993.6577820086,farina,0.8333333333333334,58.0,5.0,348.0,0.21388888888888888,18.147222222222222
224,5868.061224489796,9633.325525986218,287535.0,472032.9507733247,emerson_fittipaldi,1.4,80.5,14.0,805.0,0.21333333333333332,14.347619047619048
222,5007.428571428572,8100.15779303783,245364.0,396907.73185885366,scheckter,1.6666666666666667,129.0,10.0,774.0,0.21064814814814814,15.589947089947088
356,25038.048780487807,32182.30977199491,1026560.0,1319474.7006517914,jack_brabham,1.0769230769230769,56.84615384615385,14.0,739.0,0.2053113553113553,15.48021978021978
163,9850.666666666666,17406.94743884362,295520.0,522208.4231653086,arnoux,1.0,71.71428571428571,7.0,502.0,0.20408163265306123,16.26360544217687
578,17918.571428571428,17226.36626273169,250860.0,241169.12767824368,hawthorn,0.75,69.75,3.0,279.0,0.20238095238095238,18.43452380952381
577,26750.0,21165.82135255533,214000.0,169326.57082044263,musso,0.2,28.4,1.0,142.0,0.2,18.4
427,43887.5,40214.98629575576,351100.0,321719.8903660461,trintignant,0.4,29.8,2.0,149.0,0.2,18.2
611,176594.0,127501.83568737275,882970.0,637509.1784368637,hanks,0.2,14.6,1.0,73.0,0.2,14.6
593,354812.0,257875.39436150817,1774060.0,1289376.9718075409,parsons,0.2,7.6,1.0,38.0,0.2,7.6
20,5128.778761061947,9055.42363484209,1159104.0,2046525.7414743127,vettel,3.3125,203.9375,53.0,3263.0,0.19596470216874629,13.06658507444353
77,5952.37037037037,11205.46005953676,482142.0,907642.2648224775,berger,0.8333333333333334,98.75,10.0,1185.0,0.19471200096200095,15.682184944684943
207,8860.222222222223,15505.190176110927,318968.0,558186.8463399934,mario_andretti,1.2,56.2,12.0,562.0,0.19047619047619047,13.390079365079364
289,11290.0,19214.6229993696,496760.0,845443.4119722624,hill,1.0,52.642857142857146,14.0,737.0,0.1850340136054422,13.27312925170068
203,7284.608695652174,12632.841209588712,167546.0,290555.34782054037,gilles_villeneuve,1.2,69.2,6.0,346.0,0.18357142857142858,14.659285714285716
341,253.84615384615384,347.15902934335395,6600.0,9026.134762927202,surtees,0.6,43.5,6.0,435.0,0.18333333333333332,16.3
105,8932.30303030303,14978.14056810473,294766.0,494278.63874745613,alboreto,0.5555555555555556,56.666666666666664,5.0,510.0,0.18333333333333332,14.50925925925926
57,6055.232876712329,11184.72538985952,442032.0,816484.953459745,hakkinen,2.0,121.5,20.0,1215.0,0.1776126651126651,15.549610112110111
304,8849.767441860466,13004.043254235305,380540.0,559173.8599321181,hulme,0.8,66.8,8.0,668.0,0.17083333333333334,15.176785714285714
403,16005.882352941177,18883.570499254532,272100.0,321020.698487327,phil_hill,0.6,57.4,3.0,287.0,0.16666666666666666,16.6
386,59688.23529411765,69319.41799169687,1014700.0,1178430.1058588468,ginther,0.16666666666666666,41.833333333333336,1.0,251.0,0.16666666666666666,16.08888888888889
509,111063.33333333333,80171.83026760851,666380.0,481030.9816056511,rathmann,0.16666666666666666,15.833333333333334,1.0,95.0,0.16666666666666666,15.833333333333334
476,8628.57142857143,11658.503822176423,60400.0,81609.52675523495,trips,0.6666666666666666,41.666666666666664,2.0,125.0,0.16666666666666666,15.666666666666666
347,110175.0,133914.19763622113,881400.0,1071313.581089769,bonnier,0.16666666666666666,13.166666666666666,1.0,79.0,0.16666666666666666,10.722222222222221
177,9742.035714285714,16613.72358698523,272777.0,465184.26043558645,keke_rosberg,0.8333333333333334,75.0,5.0,450.0,0.16335978835978834,16.008597883597883
199,10203.84375,17520.25622749221,653046.0,1121296.3985595014,reutemann,1.0909090909090908,90.81818181818181,12.0,999.0,0.16096681096681095,14.586147186147185
309,16149.25,27187.25003435761,193791.0,326247.0004122913,revson,1.0,91.0,2.0,182.0,0.14285714285714285,15.142857142857142
31,6957.490566037736,12829.711548703584,368747.0,679974.71208129,montoya,1.1666666666666667,131.83333333333334,7.0,791.0,0.13434343434343435,15.048737373737374
360,15943.333333333334,19365.82431038145,430470.0,522877.2563802991,mclaren,0.4444444444444444,48.44444444444444,4.0,436.0,0.13333333333333333,15.79814814814815
255,19558.571428571428,32216.513751583436,136910.0,225515.59626108405,nilsson,0.5,51.0,1.0,102.0,0.125,14.416666666666668
230,38830.0,64581.717551189744,388300.0,645817.1755118974,brambilla,0.25,21.25,1.0,85.0,0.125,8.625
3,4967.386206896552,8119.699667219283,720271.0,1177356.451746796,rosberg,2.090909090909091,154.36363636363637,23.0,1698.0,0.11844919786096257,10.183451107715813
202,9164.181818181818,15075.645246903618,201612.0,331664.1954318796,pironi,0.6,59.8,3.0,299.0,0.11333333333333333,12.703333333333333
172,3483.3636363636365,5803.371065289603,153268.0,255348.32687274256,laffite,0.6,66.1,6.0,661.0,0.10833333333333332,14.440000000000001
4,1841.198312236287,4994.118963898085,436364.0,1183606.1944438461,alonso,1.6842105263157894,155.89473684210526,32.0,2962.0,0.10576658463655368,11.0302747347252
35,4923.527272727273,8895.666431859823,270794.0,489261.65375229024,villeneuve,1.1,69.4,11.0,694.0,0.1,9.396515151515151
187,5508.666666666667,9518.254902758872,231364.0,399766.70591587265,watson,0.5,54.8,5.0,548.0,0.09619047619047619,11.821666666666667
173,4534.363636363636,8967.154815945509,99756.0,197277.40595080119,angelis,0.2857142857142857,40.285714285714285,2.0,282.0,0.09523809523809523,12.799999999999999
498,28833.333333333332,24441.954441071266,346000.0,293303.4532928552,gonzalez,0.4,44.2,2.0,221.0,0.09,17.759999999999998
21,10501.4578313253,19034.705242054715,871621.0,1579880.5350905415,fisichella,0.23076923076923078,57.76923076923077,3.0,751.0,0.08942307692307692,9.909081196581196
14,9730.116666666667,17349.415288209235,1167614.0,2081929.8345851083,coulthard,0.8666666666666667,104.26666666666667,13.0,1564.0,0.08776556776556776,12.237952787952787
119,12344.771929824561,26044.922378415227,703652.0,1484560.5755696679,patrese,0.46153846153846156,64.84615384615384,6.0,843.0,0.08397435897435897,14.562362637362638
385,41810.0,50360.45923895675,376290.0,453244.1331506107,bandini,0.25,33.5,1.0,134.0,0.08333333333333333,14.75
8,6531.493212669683,14138.886997333644,1443460.0,3124694.026410735,raikkonen,1.105263157894737,141.3684210526316,21.0,2686.0,0.08238427695817299,11.1510050355109
223,14672.82,23767.5227387176,733641.0,1188376.13693588,regazzoni,0.5555555555555556,76.77777777777777,5.0,691.0,0.07795815295815295,12.882792207792209
123,3688.4166666666665,6525.279054121616,88522.0,156606.6972989188,boutsen,0.5,53.833333333333336,3.0,323.0,0.07638888888888888,11.833333333333334
65,10448.379310344828,18975.298633633312,303003.0,550283.6603753661,herbert,0.375,37.875,3.0,303.0,0.07291666666666666,9.452083333333333
250,27275.416666666668,44737.90035576882,327305.0,536854.8042692258,pace,0.2,29.8,1.0,149.0,0.06666666666666667,13.266666666666666
327,14432.666666666666,23808.151500727843,259788.0,428546.72701310116,cevert,0.25,69.0,1.0,276.0,0.0625,13.784722222222221
221,8497.111111111111,13767.206904335328,305896.0,495619.4485560718,depailler,0.3333333333333333,80.83333333333333,2.0,485.0,0.0625,13.490277777777777
175,13292.130434782608,23022.176516902364,305719.0,529510.0598887544,tambay,0.3333333333333333,48.833333333333336,2.0,293.0,0.06018518518518518,11.687037037037037
18,4430.462962962963,6966.446719854034,717735.0,1128564.3686163535,button,0.8823529411764706,101.3529411764706,15.0,1723.0,0.056904687008493236,9.12668184852441
23,6251.3218390804595,11856.662583236659,543865.0,1031529.6447415893,ralf_schumacher,0.5454545454545454,90.18181818181819,6.0,992.0,0.05454545454545454,10.847727272727273
13,13971.538922155689,24183.090385123724,2333247.0,4038576.094315662,massa,0.7333333333333333,105.26666666666667,11.0,1579.0,0.05238095238095238,8.795879479997128
822,10214.082802547771,24057.171653249872,1603611.0,3776975.9495602297,bottas,0.9090909090909091,156.8181818181818,10.0,1725.0,0.052024892891765956,9.618779220904186
17,9958.479338842975,16999.42789150897,1204976.0,2056930.7748725857,webber,0.8181818181818182,117.9090909090909,9.0,1297.0,0.0517905297317062,9.123226038667214
145,3942.0625,6995.959135802649,63073.0,111935.34617284239,nannini,0.3333333333333333,73.33333333333333,1.0,220.0,0.047619047619047616,13.650793650793652
306,19158.88888888889,30237.92691751309,344860.0,544282.6845152356,beltoise,0.14285714285714285,31.428571428571427,1.0,220.0,0.047619047619047616,12.142857142857142
22,10172.979310344828,18868.4363760613,1475082.0,2735923.2745288885,barrichello,0.5789473684210527,90.94736842105263,11.0,1728.0,0.04682193451543297,10.77559507056411
844,4023.2025316455697,7316.10843722971,317833.0,577972.5665411471,leclerc,0.8333333333333334,149.5,5.0,897.0,0.045923632610939104,10.233511167624945
817,6351.619718309859,10652.38025682823,901930.0,1512637.9964696087,ricciardo,0.6666666666666666,104.0,8.0,1248.0,0.04497481684981686,7.648893467643468
815,8991.40410958904,27972.285594266614,1312745.0,4083953.6967629255,perez,0.46153846153846156,94.53846153846153,6.0,1229.0,0.03430037454805256,7.790403966386344
56,16678.37254901961,28822.226873194246,850597.0,1469933.5705329066,irvine,0.4,66.2,4.0,662.0,0.02857142857142857,11.531320346320346
44,4111.555555555556,7585.596527718223,111012.0,204811.10624839203,panis,0.1111111111111111,24.11111111111111,1.0,217.0,0.027777777777777776,8.212962962962964
49,5110.818181818182,9255.039654242206,224876.0,407221.74478665704,frentzen,0.3,52.7,3.0,527.0,0.02727272727272727,10.500454545454545
813,3206.90625,5226.400517435297,102621.0,167244.8165579295,maldonado,0.2,13.6,1.0,68.0,0.02,1.6714285714285715
200,17421.23076923077,28769.631964401942,452952.0,748010.4310744505,mass,0.125,35.625,1.0,285.0,0.017857142857142856,7.232142857142858
842,4629.163934426229,7733.492870056422,282379.0,471743.0650734418,gasly,0.16666666666666666,48.333333333333336,1.0,290.0,0.016666666666666666,4.735185185185185
839,5404.193548387097,9516.667976632521,335060.0,590033.4145512163,ocon,0.14285714285714285,47.142857142857146,1.0,330.0,0.015873015873015872,4.683358191761553
5,11212.25641025641,18754.666359622384,437278.0,731431.988025273,kovalainen,0.16666666666666666,43.5,1.0,261.0,0.013888888888888888,3.7967171717171717
55,2738.4754098360654,4876.62813853211,167047.0,297474.3164504587,alesi,0.08333333333333333,64.0,1.0,768.0,0.011904761904761904,12.123647186147187
847,5723.05,9815.694012754819,228922.0,392627.7605101927,russell,0.2,75.4,1.0,377.0,0.01,5.76
9,3258.25,5879.938643610672,182462.0,329276.56404219766,kubica,0.14285714285714285,67.28571428571429,1.0,471.0,0.009523809523809523,5.9009276437847875
15,5730.425,10187.695295783506,458434.0,815015.6236626804,trulli,0.07692307692307693,50.30769230769231,1.0,654.0,0.006993006993006993,7.512487512487512
832,4858.351063829788,10122.433024806176,456685.0,951508.7043317806,sainz,0.1111111111111111,80.44444444444444,1.0,724.0,0.006944444444444444,6.796150097465887
387,2900.0,4506.74457636601,5800.0,9013.48915273202,parkes,0.0,36.0,0.0,36.0,0.0,18.0
340,0.0,0.0,0.0,0.0,love,0.0,18.0,0.0,18.0,0.0,18.0
359,0.0,0.0,0.0,0.0,gavin,0.0,18.0,0.0,18.0,0.0,18.0
401,0.0,0.0,0.0,0.0,trevor_taylor,0.0,18.0,0.0,18.0,0.0,18.0
802,0.0,0.0,0.0,0.0,serafini,0.0,18.0,0.0,18.0,0.0,18.0
591,27630.0,20536.948668777593,27630.0,20536.948668777593,george_amick,0.0,18.0,0.0,18.0,0.0,18.0
608,100.0,107.95172398903209,300.0,323.8551719670963,castellotti,0.0,25.5,0.0,51.0,0.0,17.25
723,293650.0,264537.51708433207,587300.0,529075.0341686641,fischer,0.0,33.0,0.0,33.0,0.0,16.5
648,146133.33333333334,111512.71004481586,438400.0,334538.1301344476,kling,0.0,22.5,0.0,45.0,0.0,15.0
477,0.0,0.0,0.0,0.0,allison,0.0,15.0,0.0,30.0,0.0,15.0
90,6178.5,11262.867071788936,12357.0,22525.734143577873,moreno,0.0,15.0,0.0,30.0,0.0,15.0
370,26450.0,37681.283300567,52900.0,75362.566601134,attwood,0.0,15.0,0.0,30.0,0.0,15.0
632,108150.0,112831.60568752344,216300.0,225663.21137504687,frere,0.0,15.0,0.0,30.0,0.0,15.0
332,0.0,0.0,0.0,0.0,follmer,0.0,15.0,0.0,15.0,0.0,15.0
607,0.0,0.0,0.0,0.0,perdisa,0.0,15.0,0.0,15.0,0.0,15.0
626,0.0,0.0,0.0,0.0,manzon,0.0,15.0,0.0,15.0,0.0,15.0
627,0.0,0.0,0.0,0.0,rosier,0.0,15.0,0.0,15.0,0.0,15.0
166,45406.0,62711.37258574129,45406.0,62711.37258574129,streiff,0.0,15.0,0.0,15.0,0.0,15.0
686,52000.0,64970.76315657954,52000.0,64970.76315657954,reg_parnell,0.0,15.0,0.0,15.0,0.0,15.0
675,171390.0,120205.77849004597,171390.0,120205.77849004597,ayulo,0.0,15.0,0.0,15.0,0.0,15.0
140,6913.5,12016.725853477494,96789.0,168234.16194868492,johansson,0.0,51.5,0.0,206.0,0.0,14.857142857142858
278,0.0,0.0,0.0,0.0,amon,0.0,35.166666666666664,0.0,211.0,0.0,14.416666666666666
554,109014.28571428571,89102.38558038035,763100.0,623716.6990626624,behra,0.0,25.25,0.0,101.0,0.0,14.0
529,86123.33333333333,62323.47425564282,258370.0,186970.42276692844,bettenhausen,0.0,14.0,0.0,42.0,0.0,14.0
482,67133.33333333333,92616.72107341992,201400.0,277850.16322025977,gendebien,0.0,14.0,0.0,42.0,0.0,14.0
673,155895.0,111949.33688639634,311790.0,223898.67377279268,nazaruk,0.0,14.0,0.0,28.0,0.0,14.0
633,150633.33333333334,139017.63685477976,903800.0,834105.8211286785,villoresi,0.0,27.666666666666668,0.0,83.0,0.0,13.833333333333334
170,59657.5,95966.0384839834,119315.0,191932.0769679668,fabi,0.0,27.0,0.0,27.0,0.0,13.5
590,90450.0,155244.3231553473,180900.0,310488.6463106946,lewis-evans,0.0,27.0,0.0,27.0,0.0,13.5
418,185700.0,186281.46107459182,371400.0,372562.92214918364,gregory,0.0,13.5,0.0,27.0,0.0,13.5
158,7749.714285714285,14524.491428169566,108496.0,203342.8799943739,cheever,0.0,31.333333333333332,0.0,188.0,0.0,13.388888888888891
408,75966.66666666667,79794.46679481702,227900.0,239383.40038445106,maggs,0.0,17.5,0.0,35.0,0.0,13.25
78,0.0,0.0,0.0,0.0,larini,0.0,13.0,0.0,26.0,0.0,13.0
374,23500.0,31036.067449257884,94000.0,124144.26979703153,spence,0.0,25.5,0.0,51.0,0.0,12.5
103,3547.3333333333335,7155.921353452217,10642.0,21467.76406035665,bernard,0.0,17.5,0.0,35.0,0.0,12.5
288,0.0,0.0,0.0,0.0,donohue,0.0,12.5,0.0,25.0,0.0,12.5
510,9675.0,7302.327687709446,19350.0,14604.655375418892,goldsmith,0.0,12.5,0.0,25.0,0.0,12.5
512,0.0,0.0,0.0,0.0,thomson,0.0,12.333333333333334,0.0,37.0,0.0,12.333333333333334
317,22974.0,36146.251440292064,114870.0,180731.2572014603,wisell,0.0,25.5,0.0,51.0,0.0,12.0
91,0.0,0.0,0.0,0.0,wendlinger,0.0,12.0,0.0,12.0,0.0,12.0
94,0.0,0.0,0.0,0.0,martini,0.0,12.0,0.0,12.0,0.0,12.0
104,0.0,0.0,0.0,0.0,fittipaldi,0.0,12.0,0.0,12.0,0.0,12.0
185,0.0,0.0,0.0,0.0,bellof,0.0,12.0,0.0,12.0,0.0,12.0
363,0.0,0.0,0.0,0.0,giunti,0.0,12.0,0.0,12.0,0.0,12.0
397,0.0,0.0,0.0,0.0,arundell,0.0,12.0,0.0,12.0,0.0,12.0
423,0.0,0.0,0.0,0.0,mitter,0.0,12.0,0.0,12.0,0.0,12.0
435,0.0,0.0,0.0,0.0,mairesse,0.0,12.0,0.0,12.0,0.0,12.0
496,0.0,0.0,0.0,0.0,menditeguy,0.0,12.0,0.0,12.0,0.0,12.0
511,0.0,0.0,0.0,0.0,branson,0.0,12.0,0.0,12.0,0.0,12.0
697,464600.0,424486.06669712195,464600.0,424486.06669712195,bonetto,0.0,12.0,0.0,12.0,0.0,12.0
84,12916.1,22501.01403970659,258322.0,450020.2807941318,brundle,0.0,50.4,0.0,252.0,0.0,11.93
110,0.0,0.0,0.0,0.0,cesaris,0.0,25.75,0.0,103.0,0.0,11.75
122,0.0,0.0,0.0,0.0,capelli,0.0,25.0,0.0,75.0,0.0,11.75
501,133480.0,116170.14024885968,667400.0,580850.7012442984,schell,0.0,29.5,0.0,59.0,0.0,11.583333333333332
87,1492.0,3169.1304602715936,10444.0,22183.913221901155,blundell,0.0,20.0,0.0,80.0,0.0,11.541666666666666
88,0.0,0.0,0.0,0.0,suzuki,0.0,23.0,0.0,23.0,0.0,11.5
305,3645.5555555555557,6010.193769878966,32810.0,54091.7439289107,hailwood,0.0,26.75,0.0,107.0,0.0,10.875
314,0.0,0.0,0.0,0.0,schenken,0.0,16.5,0.0,33.0,0.0,10.75
176,2991.3333333333335,6392.487779727438,8974.0,19177.46333918231,surer,0.0,10.666666666666666,0.0,32.0,0.0,10.666666666666666
307,4324.25,7019.068370057438,17297.0,28076.273480229753,ganley,0.0,21.0,0.0,42.0,0.0,10.5
456,159000.0,190993.6576558861,636000.0,763974.6306235444,salvadori,0.0,21.0,0.0,42.0,0.0,10.5
118,1975.1333333333334,3599.8660713467407,29627.0,53997.99107020111,warwick,0.0,27.833333333333332,0.0,167.0,0.0,10.416666666666666
533,62766.666666666664,47327.20699661875,188300.0,141981.62098985625,boyd,0.0,10.333333333333334,0.0,31.0,0.0,10.333333333333334
233,0.0,0.0,0.0,0.0,stuck,0.0,23.5,0.0,94.0,0.0,10.166666666666668
131,0.0,0.0,0.0,0.0,modena,0.0,20.5,0.0,41.0,0.0,10.166666666666668
127,8008.8,17187.210284513483,40044.0,85936.05142256741,gugelmin,0.0,15.0,0.0,45.0,0.0,10.11111111111111
454,50.0,65.33983246866956,100.0,130.6796649373391,ricardo_rodriguez,0.0,20.0,0.0,20.0,0.0,10.0
212,73480.0,137639.33123483768,220440.0,412917.99370451306,rebaque,0.0,16.0,0.0,32.0,0.0,10.0
658,335037.5,239421.601533904,1340150.0,957686.406135616,mcgrath,0.0,10.0,0.0,40.0,0.0,10.0
615,253395.0,182560.9008476279,506790.0,365121.8016952558,agabashian,0.0,10.0,0.0,20.0,0.0,10.0
184,0.0,0.0,0.0,0.0,baldi,0.0,10.0,0.0,10.0,0.0,10.0
644,0.0,0.0,0.0,0.0,mantovani,0.0,10.0,0.0,10.0,0.0,10.0
734,0.0,0.0,0.0,0.0,ball,0.0,10.0,0.0,10.0,0.0,10.0
537,241360.0,172291.21040714293,241360.0,172291.21040714293,dick_rathmann,0.0,10.0,0.0,10.0,0.0,10.0
654,317170.0,225912.1209898052,317170.0,225912.1209898052,faulkner,0.0,10.0,0.0,10.0,0.0,10.0
361,22850.0,27387.573113433697,91400.0,109550.29245373479,courage,0.0,25.0,0.0,50.0,0.0,9.666666666666668
555,149018.0,107196.0572574623,745090.0,535980.2862873115,paul_russo,0.0,9.6,0.0,48.0,0.0,9.6
50,10047.0,15504.186994661419,70329.0,108529.30896262993,verstappen,0.0,19.0,0.0,76.0,0.0,9.583333333333334
25,9602.363636363636,17146.443026868634,211252.0,377221.74659110996,wurz,0.0,27.333333333333332,0.0,164.0,0.0,9.458333333333334
138,26365.0,47265.43508222914,79095.0,141796.3052466874,satoru_nakajima,0.0,9.333333333333334,0.0,28.0,0.0,9.333333333333334
656,330293.3333333333,238279.80939588815,990880.0,714839.4281876645,cross,0.0,9.333333333333334,0.0,28.0,0.0,9.333333333333334
92,12604.5,25986.786276720002,25209.0,51973.572553440004,gachot,0.0,18.0,0.0,18.0,0.0,9.0
518,84836.0,61079.44023925178,424180.0,305397.2011962589,darter,0.0,9.0,0.0,45.0,0.0,9.0
528,0.0,0.0,0.0,0.0,freeland,0.0,9.0,0.0,27.0,0.0,9.0
252,0.0,0.0,0.0,0.0,pryce,0.0,30.0,0.0,90.0,0.0,8.85
206,2356.2,3308.784963101613,11781.0,16543.924815508064,daly,0.0,13.666666666666666,0.0,41.0,0.0,8.833333333333334
262,16775.0,23950.770636569363,100650.0,143704.62381941619,oliver,0.0,10.4,0.0,52.0,0.0,8.5
100,0.0,0.0,0.0,0.0,comas,0.0,8.0,0.0,16.0,0.0,8.0
298,0.0,0.0,0.0,0.0,lennep,0.0,8.0,0.0,8.0,0.0,8.0
431,0.0,0.0,0.0,0.0,barth,0.0,8.0,0.0,8.0,0.0,8.0
541,0.0,0.0,0.0,0.0,flockhart,0.0,8.0,0.0,8.0,0.0,8.0
731,0.0,0.0,0.0,0.0,banks,0.0,8.0,0.0,8.0,0.0,8.0
63,1118.909090909091,2183.6950725442935,12308.0,24020.64579798723,salo,0.0,15.5,0.0,93.0,0.0,7.888888888888889
2,5738.333333333333,10369.58241723187,378730.0,684392.4395373034,heidfeld,0.0,55.0,0.0,550.0,0.0,7.662916666666666
290,166.66666666666666,271.7849202854829,500.0,815.3547608564486,wilson_fittipaldi,0.0,10.0,0.0,20.0,0.0,7.5
612,219385.0,158275.8149014023,877540.0,633103.2596056092,linden,0.0,7.5,0.0,30.0,0.0,7.5
653,357275.0,258147.3555646137,714550.0,516294.7111292274,davies,0.0,7.5,0.0,15.0,0.0,7.5
11,17278.35714285714,33481.101859904855,241897.0,468735.42603866797,sato,0.0,21.4,0.0,107.0,0.0,7.355555555555556
152,11490.42857142857,21399.833498661803,80433.0,149798.8344906326,giacomelli,0.0,15.333333333333334,0.0,46.0,0.0,7.333333333333333
453,111300.0,135099.52935348937,222600.0,270199.05870697874,lewis,0.0,14.0,0.0,14.0,0.0,7.0
846,3148.2419354838707,22418.422378760086,195191.0,1389942.1874831254,norris,0.0,87.2,0.0,436.0,0.0,6.833333333333334
81,22472.5,41020.31374186049,89890.0,164081.25496744196,morbidelli,0.0,7.333333333333333,0.0,22.0,0.0,6.666666666666667
64,681.625,1287.4223674632553,5453.0,10299.378939706043,diniz,0.0,12.75,0.0,51.0,0.0,6.625
197,16226.666666666666,26528.550449428425,194720.0,318342.6053931411,jarier,0.0,13.714285714285714,0.0,96.0,0.0,6.345238095238095
243,39853.75,62820.83476463081,318830.0,502566.6781170465,stommelen,0.0,12.2,0.0,61.0,0.0,6.05
43,0.0,0.0,0.0,0.0,matta,0.0,12.0,0.0,12.0,0.0,6.0
312,33700.0,49981.46088246199,67400.0,99962.92176492399,redman,0.0,12.0,0.0,12.0,0.0,6.0
232,18077.5,29734.343966477034,72310.0,118937.37586590814,merzario,0.0,9.333333333333334,0.0,28.0,0.0,6.0
42,6767.0,13546.25590904314,20301.0,40638.76772712942,pizzonia,0.0,9.0,0.0,18.0,0.0,6.0
133,0.0,0.0,0.0,0.0,caffi,0.0,6.0,0.0,6.0,0.0,6.0
139,0.0,0.0,0.0,0.0,pirro,0.0,6.0,0.0,6.0,0.0,6.0
275,0.0,0.0,0.0,0.0,lombardi,0.0,6.0,0.0,6.0,0.0,6.0
294,0.0,0.0,0.0,0.0,brise,0.0,6.0,0.0,6.0,0.0,6.0
390,0.0,0.0,0.0,0.0,rees,0.0,6.0,0.0,6.0,0.0,6.0
68,1971.0,3456.8886003179077,1971.0,3456.8886003179077,takagi,0.0,6.0,0.0,6.0,0.0,6.0
613,108720.0,81902.93236906039,108720.0,81902.93236906039,teague,0.0,6.0,0.0,6.0,0.0,6.0
494,265590.0,204751.0823845765,265590.0,204751.0823845765,ruby,0.0,6.0,0.0,6.0,0.0,6.0
37,9287.4,14569.308895353885,139311.0,218539.63343030825,rosa,0.0,10.5,0.0,84.0,0.0,5.7
280,0.0,0.0,0.0,0.0,pescarolo,0.0,8.75,0.0,35.0,0.0,5.625
592,130970.0,93805.41875449439,392910.0,281416.25626348314,reece,0.0,5.333333333333333,0.0,16.0,0.0,5.333333333333333
48,11894.8,24285.094646411257,59474.0,121425.47323205629,gene,0.0,7.0,0.0,21.0,0.0,5.166666666666667
513,208180.0,151048.2372794415,832720.0,604192.949117766,johnson,0.0,5.0,0.0,20.0,0.0,5.0
519,185340.0,133582.2708537239,370680.0,267164.5417074478,homeier,0.0,5.0,0.0,10.0,0.0,5.0
75,12849.6,25629.87663497719,64248.0,128149.38317488595,nakano,0.0,23.0,0.0,23.0,0.0,4.6
32,9840.0,19049.41794436166,98400.0,190494.1794436166,klien,0.0,15.0,0.0,45.0,0.0,4.388888888888889
857,6770.833333333333,11599.73756464702,40625.0,69598.42538788212,piastri,0.0,26.0,0.0,26.0,0.0,4.333333333333333
10,6421.125,11648.18096977037,154107.0,279556.34327448887,glock,0.0,46.666666666666664,0.0,140.0,0.0,4.2555555555555555
848,11117.39534883721,20030.42172746707,478048.0,861308.134281084,albon,0.0,51.5,0.0,206.0,0.0,4.053418803418803
597,278945.0,201894.34687070304,557890.0,403788.6937414061,connor,0.0,4.0,0.0,8.0,0.0,4.0
151,0.0,0.0,0.0,0.0,donnelly,0.0,4.0,0.0,4.0,0.0,4.0
229,0.0,0.0,0.0,0.0,ertl,0.0,4.0,0.0,4.0,0.0,4.0
679,0.0,0.0,0.0,0.0,mccoy,0.0,4.0,0.0,4.0,0.0,4.0
79,39473.0,74545.92667784046,39473.0,74545.92667784046,katayama,0.0,4.0,0.0,4.0,0.0,4.0
564,197070.0,146479.06167774159,197070.0,146479.06167774159,larson,0.0,4.0,0.0,4.0,0.0,4.0
659,301170.0,218916.97989499368,301170.0,218916.97989499368,hoyt,0.0,4.0,0.0,4.0,0.0,4.0
357,167170.0,240290.35503809113,167170.0,240290.35503809113,miles,0.0,4.0,0.0,4.0,0.0,4.0
459,220200.0,259823.00884955752,220200.0,259823.00884955752,marsh,0.0,4.0,0.0,4.0,0.0,4.0
726,478280.0,342561.31695731526,478280.0,342561.31695731526,george_connor,0.0,4.0,0.0,4.0,0.0,4.0
329,244000.0,397893.12329794694,244000.0,397893.12329794694,beuttler,0.0,4.0,0.0,4.0,0.0,4.0
807,5922.848484848485,9693.713473460512,586362.0,959677.6338725906,hulkenberg,0.0,35.916666666666664,0.0,431.0,0.0,3.995077838827839
154,5642.650793650793,9869.1665263956,355487.0,621757.4911629228,grosjean,0.0,35.2,0.0,352.0,0.0,3.967051282051282
826,6537.583333333333,10238.673614020208,235353.0,368592.2501047275,kvyat,0.0,28.0,0.0,168.0,0.0,3.766666666666667
840,8126.892857142857,44824.75430837047,455106.0,2510186.2412687466,stroll,0.0,27.142857142857142,0.0,190.0,0.0,3.486019536019536
556,357213.3333333333,257062.7903267173,1071640.0,771188.3709801519,daywalt,0.0,3.3333333333333335,0.0,10.0,0.0,3.3333333333333335
155,5006.548387096775,8726.147345993815,155203.0,270510.56772580824,kobayashi,0.0,24.4,0.0,122.0,0.0,3.2714285714285714
12,16186.0,29272.88500100357,178046.0,322001.7350110393,piquet_jr,0.0,25.0,0.0,50.0,0.0,3.2291666666666665
41,5963.166666666667,10312.858911038826,35779.0,61877.15346623296,zonta,0.0,10.0,0.0,30.0,0.0,3.0
514,91295.0,65169.564360789336,365180.0,260678.25744315734,veith,0.0,3.0,0.0,12.0,0.0,3.0
538,192120.0,136842.18773705387,384240.0,273684.37547410774,herman,0.0,3.0,0.0,6.0,0.0,3.0
109,23079.0,156478.51140993385,46158.0,312957.0228198677,lehto,0.0,3.0,0.0,6.0,0.0,3.0
437,312650.0,341866.16750230803,625300.0,683732.3350046161,burgess,0.0,3.0,0.0,6.0,0.0,3.0
808,9098.5,16744.218578171367,145576.0,267907.4972507419,petrov,0.0,20.333333333333332,0.0,61.0,0.0,2.904761904761905
814,6529.176470588235,11735.838983667652,221992.0,399018.5254447002,resta,0.0,33.333333333333336,0.0,100.0,0.0,2.802489177489177
831,1711.6666666666667,3206.4889563479765,15405.0,28858.40060713179,nasr,0.0,14.5,0.0,29.0,0.0,2.6875
70,27144.75,70660.44300465778,108579.0,282641.7720186311,zanardi,0.0,6.0,0.0,12.0,0.0,2.666666666666667
16,4584.108108108108,8160.5816473909435,169612.0,301941.5209534649,sutil,0.0,15.857142857142858,0.0,111.0,0.0,2.3989898989898992
24,6423.588235294118,11431.488126745528,109201.0,194335.29815467398,liuzzi,0.0,7.0,0.0,35.0,0.0,2.075
26,0.0,0.0,0.0,0.0,speed,0.0,2.0,0.0,2.0,0.0,2.0
76,0.0,0.0,0.0,0.0,magnussen,0.0,2.0,0.0,2.0,0.0,2.0
66,293.0,520.2819395400423,293.0,520.2819395400423,mcnish,0.0,2.0,0.0,2.0,0.0,2.0
515,249300.0,192192.6459523134,249300.0,192192.6459523134,tingelstad,0.0,2.0,0.0,2.0,0.0,2.0
674,427240.0,310555.8006784776,427240.0,310555.8006784776,crockett,0.0,2.0,0.0,2.0,0.0,2.0
629,501430.0,359142.17856048036,501430.0,359142.17856048036,griffith,0.0,2.0,0.0,2.0,0.0,2.0
825,5476.02,9224.837430004158,273801.0,461241.87150020787,kevin_magnussen,0.0,16.0,0.0,128.0,0.0,1.996527777777778
852,2816.875,39612.64883793051,67605.0,950703.5721103322,tsunoda,0.0,14.333333333333334,0.0,43.0,0.0,1.9503968253968254
67,2534.9444444444443,3697.8329655857287,45629.0,66560.99338054312,buemi,0.0,9.666666666666666,0.0,29.0,0.0,1.6944444444444446
6,15036.666666666666,27149.82751744946,225550.0,407247.4127617419,nakajima,0.0,10.5,0.0,21.0,0.0,1.6111111111111112
153,1602.7142857142858,2793.5563276030634,22438.0,39109.78858644289,alguersuari,0.0,7.5,0.0,15.0,0.0,1.575
7,11755.545454545454,19857.414423347494,129311.0,218431.55865682245,bourdais,0.0,8.5,0.0,17.0,0.0,1.5666666666666667
835,4192.0,8247.390228259115,25152.0,49484.34136955469,jolyon_palmer,0.0,4.5,0.0,9.0,0.0,1.5
818,3103.714285714286,5653.973783751849,86904.0,158311.26594505177,vergne,0.0,14.0,0.0,42.0,0.0,1.422943722943723
838,8282.25,12956.964376447126,66258.0,103655.715011577,vandoorne,0.0,5.0,0.0,10.0,0.0,1.4
811,6703.666666666667,12311.880454764007,100555.0,184678.2068214601,bruno_senna,0.0,15.5,0.0,31.0,0.0,1.1923076923076923
841,3348.5,5651.886223319578,53576.0,90430.17957311324,giovinazzi,0.0,5.666666666666667,0.0,17.0,0.0,1.0
843,0.0,0.0,0.0,0.0,brendon_hartley,0.0,2.0,0.0,2.0,0.0,1.0
856,9131.75,17764.810803613476,36527.0,71059.2432144539,de_vries,0.0,1.0,0.0,2.0,0.0,1.0
83,0.0,0.0,0.0,0.0,lamy,0.0,1.0,0.0,1.0,0.0,1.0
365,0.0,0.0,0.0,0.0,hahne,0.0,1.0,0.0,1.0,0.0,1.0
516,0.0,0.0,0.0,0.0,christie,0.0,1.0,0.0,1.0,0.0,1.0
531,0.0,0.0,0.0,0.0,foyt,0.0,1.0,0.0,1.0,0.0,1.0
655,0.0,0.0,0.0,0.0,niday,0.0,1.0,0.0,1.0,0.0,1.0
560,413920.0,307660.2892862983,413920.0,307660.2892862983,cheesbourg,0.0,1.0,0.0,1.0,0.0,1.0
855,3141.8125,5836.143885267629,50269.0,93378.30216428207,zhou,0.0,5.0,0.0,10.0,0.0,0.6333333333333333
849,4728.222222222223,43059.78776973978,85108.0,775076.179855316,latifi,0.0,3.3333333333333335,0.0,10.0,0.0,0.6285714285714286
836,7344.5,6762.060096663992,14689.0,13524.120193327984,wehrlein,0.0,0.5,0.0,1.0,0.0,0.5
520,44000.0,33209.55227485433,88000.0,66419.10454970866,hartley,0.0,0.5,0.0,1.0,0.0,0.5
828,2254.1666666666665,3366.1477015482596,27050.0,40393.772418579116,ericsson,0.0,1.0,0.0,4.0,0.0,0.225
854,3581.9166666666665,5569.664879305485,42983.0,66835.97855166582,mick_schumacher,0.0,2.0,0.0,4.0,0.0,0.2222222222222222
821,14902.461538461539,26592.896569705477,193732.0,345707.6554061712,gutierrez,0.0,2.0,0.0,6.0,0.0,0.19999999999999998
33,0.0,0.0,0.0,0.0,monteiro,0.0,0.0,0.0,0.0,0.0,0.0
60,0.0,0.0,0.0,0.0,mazzacane,0.0,0.0,0.0,0.0,0.0,0.0
321,0.0,0.0,0.0,0.0,bell,0.0,0.0,0.0,0.0,0.0,0.0
594,0.0,0.0,0.0,0.0,tolan,0.0,0.0,0.0,0.0,0.0,0.0
727,0.0,0.0,0.0,0.0,rigsby,0.0,0.0,0.0,0.0,0.0,0.0
729,0.0,0.0,0.0,0.0,schindler,0.0,0.0,0.0,0.0,0.0,0.0
824,0.0,0.0,0.0,0.0,jules_bianchi,0.0,0.0,0.0,0.0,0.0,0.0
834,0.0,0.0,0.0,0.0,rossi,0.0,0.0,0.0,0.0,0.0,0.0
851,0.0,0.0,0.0,0.0,aitken,0.0,0.0,0.0,0.0,0.0,0.0
850,4488.0,8197.089594846793,4488.0,8197.089594846793,pietro_fittipaldi,0.0,0.0,0.0,0.0,0.0,0.0
845,6379.0,11928.722016303907,12758.0,23857.444032607815,sirotkin,0.0,0.0,0.0,0.0,0.0,0.0
19,7620.0,12189.480190654987,7620.0,12189.480190654987,davidson,0.0,0.0,0.0,0.0,0.0,0.0
858,6591.5,12535.892038880744,26366.0,50143.568155522975,sargeant,0.0,0.0,0.0,0.0,0.0,0.0
819,10251.75,14187.026995310362,41007.0,56748.10798124145,pic,0.0,0.0,0.0,0.0,0.0,0.0
820,9122.75,16131.625453608072,36491.0,64526.50181443229,chilton,0.0,0.0,0.0,0.0,0.0,0.0
823,12356.333333333334,22091.439114343022,37069.0,66274.31734302906,garde,0.0,0.0,0.0,0.0,0.0,0.0
853,1280.0,60073.87528467826,2560.0,120147.75056935652,mazepin,0.0,0.0,0.0,0.0,0.0,0.0
816,44980.0,94076.38760057316,44980.0,94076.38760057316,ambrosio,0.0,0.0,0.0,0.0,0.0,0.0
557,249940.0,188645.35217220662,249940.0,188645.35217220662,arnold,0.0,0.0,0.0,0.0,0.0,0.0
69,102177.0,203095.0140081634,102177.0,203095.0140081634,badoer,0.0,0.0,0.0,0.0,0.0,0.0
562,299210.0,225406.33180782342,299210.0,225406.33180782342,turner,0.0,0.0,0.0,0.0,0.0,0.0
535,451770.0,340979.07798206684,451770.0,340979.07798206684,mcwithey,0.0,0.0,0.0,0.0,0.0,0.0
558,484530.0,360143.6025509522,484530.0,360143.6025509522,keller,0.0,0.0,0.0,0.0,0.0,0.0
517,483280.0,372574.65678232664,483280.0,372574.65678232664,amick,0.0,0.0,0.0,0.0,0.0,0.0
728,773320.0,553879.5634971794,773320.0,553879.5634971794,james,0.0,0.0,0.0,0.0,0.0,0.0
430,547400.0,574680.0625702078,547400.0,574680.0625702078,beaufort,0.0,0.0,0.0,0.0,0.0,0.0
27,,,0.0,0.0,albers,,,,,,
28,,,0.0,0.0,markus_winkelhock,,,,,,
29,,,0.0,0.0,yamamoto,,,,,,
34,,,0.0,0.0,ide,,,,,,
36,,,0.0,0.0,montagny,,,,,,
38,,,0.0,0.0,doornbos,,,,,,
39,,,0.0,0.0,karthikeyan,,,,,,
40,,,0.0,0.0,friesacher,,,,,,
45,,,0.0,0.0,pantano,,,,,,
46,,,0.0,0.0,bruni,,,,,,
47,,,0.0,0.0,baumgartner,,,,,,
51,,,0.0,0.0,wilson,,,,,,
52,,,0.0,0.0,firman,,,,,,
53,,,0.0,0.0,kiesa,,,,,,
54,,,0.0,0.0,burti,,,,,,
58,,,0.0,0.0,marques,,,,,,
59,,,0.0,0.0,bernoldi,,,,,,
61,,,0.0,0.0,enge,,,,,,
62,,,0.0,0.0,yoong,,,,,,
72,,,0.0,0.0,sarrazin,,,,,,
73,,,0.0,0.0,rosset,,,,,,
74,,,0.0,0.0,tuero,,,,,,
80,,,0.0,0.0,sospiri,,,,,,
82,,,0.0,0.0,fontana,,,,,,
85,,,0.0,0.0,montermini,,,,,,
86,,,0.0,0.0,lavaggi,,,,,,
89,,,0.0,0.0,inoue,,,,,,
93,,,0.0,0.0,schiattarella,,,,,,
96,,,0.0,0.0,boullion,,,,,,
97,,,0.0,0.0,papis,,,,,,
98,,,0.0,0.0,deletraz,,,,,,
99,,,0.0,0.0,tarquini,,,,,,
101,,,0.0,0.0,brabham,,,,,,
106,,,0.0,0.0,beretta,,,,,,
107,,,0.0,0.0,ratzenberger,,,,,,
108,,,0.0,0.0,belmondo,,,,,,
111,,,0.0,0.0,gounon,,,,,,
112,,,0.0,0.0,alliot,,,,,,
113,,,0.0,0.0,adams,,,,,,
114,,,0.0,0.0,dalmas,,,,,,
115,,,0.0,0.0,noda,,,,,,
116,,,0.0,0.0,lagorce,,,,,,
120,,,0.0,0.0,barbazza,,,,,,
121,,,0.0,0.0,andretti,,,,,,
124,,,0.0,0.0,apicella,,,,,,
125,,,0.0,0.0,naspetti,,,,,,
126,,,0.0,0.0,toshio_suzuki,,,,,,
128,,,0.0,0.0,poele,,,,,,
129,,,0.0,0.0,grouillard,,,,,,
130,,,0.0,0.0,chiesa,,,,,,
132,,,0.0,0.0,amati,,,,,,
134,,,0.0,0.0,bertaggia,,,,,,
135,,,0.0,0.0,mccarthy,,,,,,
136,,,0.0,0.0,lammers,,,,,,
141,,,0.0,0.0,bailey,,,,,,
142,,,0.0,0.0,chaves,,,,,,
143,,,0.0,0.0,bartels,,,,,,
144,,,0.0,0.0,hattori,,,,,,
146,,,0.0,0.0,schneider,,,,,,
147,,,0.0,0.0,barilla,,,,,,
148,,,0.0,0.0,foitek,,,,,,
149,,,0.0,0.0,langes,,,,,,
150,,,0.0,0.0,gary_brabham,,,,,,
156,,,0.0,0.0,palmer,,,,,,
157,,,0.0,0.0,danner,,,,,,
159,,,0.0,0.0,sala,,,,,,
160,,,0.0,0.0,ghinzani,,,,,,
161,,,0.0,0.0,weidler,,,,,,
162,,,0.0,0.0,raphanel,,,,,,
164,,,0.0,0.0,joachim_winkelhock,,,,,,
165,,,0.0,0.0,larrauri,,,,,,
167,,,0.0,0.0,campos,,,,,,
168,,,0.0,0.0,schlesser,,,,,,
169,,,0.0,0.0,fabre,,,,,,
171,,,0.0,0.0,forini,,,,,,
174,,,0.0,0.0,dumfries,,,,,,
179,,,0.0,0.0,rothengatter,,,,,,
180,,,0.0,0.0,berg,,,,,,
181,,,0.0,0.0,manfred_winkelhock,,,,,,
183,,,0.0,0.0,hesnault,,,,,,
186,,,0.0,0.0,acheson,,,,,,
188,,,0.0,0.0,cecotto,,,,,,
189,,,0.0,0.0,gartner,,,,,,
190,,,0.0,0.0,corrado_fabi,,,,,,
191,,,0.0,0.0,thackwell,,,,,,
192,,,0.0,0.0,serra,,,,,,
193,,,0.0,0.0,sullivan,,,,,,
194,,,0.0,0.0,salazar,,,,,,
195,,,0.0,0.0,guerrero,,,,,,
196,,,0.0,0.0,boesel,,,,,,
198,,,0.0,0.0,villeneuve_sr,,,,,,
201,,,0.0,0.0,borgudd,,,,,,
204,,,0.0,0.0,paletti,,,,,,
205,,,0.0,0.0,henton,,,,,,
208,,,0.0,0.0,villota,,,,,,
209,,,0.0,0.0,lees,,,,,,
210,,,0.0,0.0,byrne,,,,,,
211,,,0.0,0.0,keegan,,,,,,
213,,,0.0,0.0,gabbiani,,,,,,
214,,,0.0,0.0,cogan,,,,,,
215,,,0.0,0.0,guerra,,,,,,
216,,,0.0,0.0,stohr,,,,,,
217,,,0.0,0.0,zunino,,,,,,
218,,,0.0,0.0,londono,,,,,,
220,,,0.0,0.0,francia,,,,,,
225,,,0.0,0.0,kennedy,,,,,,
226,,,0.0,0.0,south,,,,,,
227,,,0.0,0.0,needell,,,,,,
228,,,0.0,0.0,desire_wilson,,,,,,
234,,,0.0,0.0,brancatelli,,,,,,
236,,,0.0,0.0,gaillard,,,,,,
237,,,0.0,0.0,ribeiro,,,,,,
239,,,0.0,0.0,lunger,,,,,,
240,,,0.0,0.0,ongais,,,,,,
241,,,0.0,0.0,leoni,,,,,,
242,,,0.0,0.0,galica,,,,,,
244,,,0.0,0.0,colombo,,,,,,
245,,,0.0,0.0,trimmer,,,,,,
246,,,0.0,0.0,binder,,,,,,
247,,,0.0,0.0,bleekemolen,,,,,,
248,,,0.0,0.0,gimax,,,,,,
249,,,0.0,0.0,rahal,,,,,,
251,,,0.0,0.0,ian_scheckter,,,,,,
253,,,0.0,0.0,hoffmann,,,,,,
254,,,0.0,0.0,zorzi,,,,,,
256,,,0.0,0.0,perkins,,,,,,
257,,,0.0,0.0,hayje,,,,,,
258,,,0.0,0.0,neve,,,,,,
259,,,0.0,0.0,purley,,,,,,
260,,,0.0,0.0,andersson,,,,,,
261,,,0.0,0.0,dryver,,,,,,
263,,,0.0,0.0,kozarowitzky,,,,,,
264,,,0.0,0.0,sutcliffe,,,,,,
265,,,0.0,0.0,edwards,,,,,,
266,,,0.0,0.0,mcguire,,,,,,
267,,,0.0,0.0,schuppan,,,,,,
268,,,0.0,0.0,heyer,,,,,,
269,,,0.0,0.0,pilette,,,,,,
270,,,0.0,0.0,ashley,,,,,,
271,,,0.0,0.0,kessel,,,,,,
272,,,0.0,0.0,takahashi,,,,,,
273,,,0.0,0.0,hoshino,,,,,,
274,,,0.0,0.0,takahara,,,,,,
276,,,0.0,0.0,evans,,,,,,
277,,,0.0,0.0,leclere,,,,,,
279,,,0.0,0.0,zapico,,,,,,
281,,,0.0,0.0,nelleman,,,,,,
282,,,0.0,0.0,magee,,,,,,
283,,,0.0,0.0,wilds,,,,,,
284,,,0.0,0.0,pesenti_rossi,,,,,,
285,,,0.0,0.0,stuppacher,,,,,,
286,,,0.0,0.0,brown,,,,,,
287,,,0.0,0.0,hasemi,,,,,,
291,,,0.0,0.0,tunmer,,,,,,
292,,,0.0,0.0,keizan,,,,,,
293,,,0.0,0.0,charlton,,,,,,
295,,,0.0,0.0,wunderink,,,,,,
296,,,0.0,0.0,migault,,,,,,
297,,,0.0,0.0,palm,,,,,,
299,,,0.0,0.0,fushida,,,,,,
300,,,0.0,0.0,nicholson,,,,,,
301,,,0.0,0.0,morgan,,,,,,
302,,,0.0,0.0,crawford,,,,,,
303,,,0.0,0.0,vonlanthen,,,,,,
308,,,0.0,0.0,robarts,,,,,,
310,,,0.0,0.0,driver,,,,,,
311,,,0.0,0.0,belso,,,,,,
313,,,0.0,0.0,opel,,,,,,
315,,,0.0,0.0,larrousse,,,,,,
316,,,0.0,0.0,kinnunen,,,,,,
318,,,0.0,0.0,roos,,,,,,
319,,,0.0,0.0,dolhem,,,,,,
322,,,0.0,0.0,hobbs,,,,,,
323,,,0.0,0.0,quester,,,,,,
324,,,0.0,0.0,koinigg,,,,,,
325,,,0.0,0.0,facetti,,,,,,
326,,,0.0,0.0,wietzes,,,,,,
330,,,0.0,0.0,galli,,,,,,
331,,,0.0,0.0,bueno,,,,,,
333,,,0.0,0.0,adamich,,,,,,
334,,,0.0,0.0,pretorius,,,,,,
335,,,0.0,0.0,williamson,,,,,,
336,,,0.0,0.0,mcrae,,,,,,
337,,,0.0,0.0,marko,,,,,,
338,,,0.0,0.0,walker,,,,,,
339,,,0.0,0.0,roig,,,,,,
342,,,0.0,0.0,barber,,,,,,
343,,,0.0,0.0,brack,,,,,,
344,,,0.0,0.0,posey,,,,,,
348,,,0.0,0.0,mazet,,,,,,
349,,,0.0,0.0,jean,,,,,,
350,,,0.0,0.0,elford,,,,,,
351,,,0.0,0.0,moser,,,,,,
352,,,0.0,0.0,eaton,,,,,,
353,,,0.0,0.0,lovely,,,,,,
354,,,0.0,0.0,craft,,,,,,
355,,,0.0,0.0,Cannoc,,,,,,
362,,,0.0,0.0,klerk,,,,,,
366,,,0.0,0.0,hutchison,,,,,,
367,,,0.0,0.0,westbury,,,,,,
368,,,0.0,0.0,tingle,,,,,,
369,,,0.0,0.0,rooyen,,,,,,
371,,,0.0,0.0,pease,,,,,,
372,,,0.0,0.0,cordts,,,,,,
376,,,0.0,0.0,bianchi,,,,,,
377,,,0.0,0.0,jo_schlesser,,,,,,
378,,,0.0,0.0,widdows,,,,,,
379,,,0.0,0.0,ahrens,,,,,,
380,,,0.0,0.0,gardner,,,,,,
381,,,0.0,0.0,unser,,,,,,
382,,,0.0,0.0,solana,,,,,,
383,,,0.0,0.0,anderson,,,,,,
384,,,0.0,0.0,botha,,,,,,
388,,,0.0,0.0,irwin,,,,,,
389,,,0.0,0.0,ligier,,,,,,
391,,,0.0,0.0,hart,,,,,,
392,,,0.0,0.0,fisher,,,,,,
393,,,0.0,0.0,tom_jones,,,,,,
395,,,0.0,0.0,williams,,,,,,
396,,,0.0,0.0,bondurant,,,,,,
398,,,0.0,0.0,vic_wilson,,,,,,
399,,,0.0,0.0,taylor,,,,,,
400,,,0.0,0.0,lawrence,,,,,,
402,,,0.0,0.0,geki,,,,,,
405,,,0.0,0.0,bucknum,,,,,,
406,,,0.0,0.0,hawkins,,,,,,
407,,,0.0,0.0,prophet,,,,,,
409,,,0.0,0.0,blokdyk,,,,,,
410,,,0.0,0.0,lederle,,,,,,
411,,,0.0,0.0,serrurier,,,,,,
412,,,0.0,0.0,niemann,,,,,,
413,,,0.0,0.0,pieterse,,,,,,
414,,,0.0,0.0,puzey,,,,,,
415,,,0.0,0.0,reed,,,,,,
416,,,0.0,0.0,clapham,,,,,,
417,,,0.0,0.0,blignaut,,,,,,
419,,,0.0,0.0,rhodes,,,,,,
420,,,0.0,0.0,raby,,,,,,
421,,,0.0,0.0,rollinson,,,,,,
422,,,0.0,0.0,gubby,,,,,,
424,,,0.0,0.0,bussinello,,,,,,
425,,,0.0,0.0,vaccarella,,,,,,
426,,,0.0,0.0,bassi,,,,,,
428,,,0.0,0.0,collomb,,,,,,
429,,,0.0,0.0,andre_pilette,,,,,,
432,,,0.0,0.0,cabral,,,,,,
433,,,0.0,0.0,hansgen,,,,,,
434,,,0.0,0.0,sharp,,,,,,
436,,,0.0,0.0,campbell-jones,,,,,,
438,,,0.0,0.0,settember,,,,,,
439,,,0.0,0.0,estefano,,,,,,
440,,,0.0,0.0,hall,,,,,,
441,,,0.0,0.0,parnell,,,,,,
442,,,0.0,0.0,kuhnke,,,,,,
443,,,0.0,0.0,ernesto_brambilla,,,,,,
444,,,0.0,0.0,lippi,,,,,,
445,,,0.0,0.0,seiffert,,,,,,
446,,,0.0,0.0,abate,,,,,,
447,,,0.0,0.0,starrabba,,,,,,
448,,,0.0,0.0,broeker,,,,,,
450,,,0.0,0.0,vos,,,,,,
451,,,0.0,0.0,dochnal,,,,,,
452,,,0.0,0.0,monarch,,,,,,
455,,,0.0,0.0,seidel,,,,,,
457,,,0.0,0.0,pon,,,,,,
458,,,0.0,0.0,slotemaker,,,,,,
460,,,0.0,0.0,ashmore,,,,,,
461,,,0.0,0.0,schiller,,,,,,
462,,,0.0,0.0,davis,,,,,,
463,,,0.0,0.0,chamberlain,,,,,,
464,,,0.0,0.0,shelly,,,,,,
465,,,0.0,0.0,greene,,,,,,
466,,,0.0,0.0,walter,,,,,,
467,,,0.0,0.0,prinoth,,,,,,
468,,,0.0,0.0,penske,,,,,,
469,,,0.0,0.0,schroeder,,,,,,
470,,,0.0,0.0,mayer,,,,,,
471,,,0.0,0.0,johnstone,,,,,,
472,,,0.0,0.0,harris,,,,,,
473,,,0.0,0.0,hocking,,,,,,
474,,,0.0,0.0,vyver,,,,,,
478,,,0.0,0.0,herrmann,,,,,,
480,,,0.0,0.0,may,,,,,,
481,,,0.0,0.0,henry_taylor,,,,,,
483,,,0.0,0.0,scarlatti,,,,,,
484,,,0.0,0.0,naylor,,,,,,
485,,,0.0,0.0,bordeu,,,,,,
486,,,0.0,0.0,fairman,,,,,,
487,,,0.0,0.0,natili,,,,,,
488,,,0.0,0.0,monteverdi,,,,,,
489,,,0.0,0.0,pirocchi,,,,,,
490,,,0.0,0.0,duke,,,,,,
491,,,0.0,0.0,thiele,,,,,,
492,,,0.0,0.0,boffa,,,,,,
493,,,0.0,0.0,ryan,,,,,,
495,,,0.0,0.0,ken_miles,,,,,,
497,,,0.0,0.0,larreta,,,,,,
499,,,0.0,0.0,bonomi,,,,,,
500,,,0.0,0.0,munaron,,,,,,
502,,,0.0,0.0,stacey,,,,,,
503,,,0.0,0.0,chimeri,,,,,,
504,,,0.0,0.0,creus,,,,,,
505,,,0.0,0.0,bristow,,,,,,
506,,,0.0,0.0,halford,,,,,,
507,,,0.0,0.0,daigh,,,,,,
508,,,0.0,0.0,reventlow,,,,,,
521,,,0.0,0.0,stevenson,,,,,,
522,,,0.0,0.0,grim,,,,,,
523,,,0.0,0.0,templeman,,,,,,
524,,,0.0,0.0,hurtubise,,,,,,
527,,,0.0,0.0,sachs,,,,,,
530,,,0.0,0.0,weiler,,,,,,
532,,,0.0,0.0,russo,,,,,,
534,,,0.0,0.0,force,,,,,,
536,,,0.0,0.0,sutton,,,,,,
539,,,0.0,0.0,dempsey_wilson,,,,,,
540,,,0.0,0.0,mike_taylor,,,,,,
542,,,0.0,0.0,piper,,,,,,
543,,,0.0,0.0,cabianca,,,,,,
544,,,0.0,0.0,drogo,,,,,,
545,,,0.0,0.0,gamble,,,,,,
546,,,0.0,0.0,owen,,,,,,
547,,,0.0,0.0,gould,,,,,,
548,,,0.0,0.0,drake,,,,,,
549,,,0.0,0.0,bueb,,,,,,
550,,,0.0,0.0,Changy,,,,,,
551,,,0.0,0.0,filippis,,,,,,
552,,,0.0,0.0,lucienbonnet,,,,,,
553,,,0.0,0.0,testut,,,,,,
561,,,0.0,0.0,ray_crawford,,,,,,
563,,,0.0,0.0,weyant,,,,,,
565,,,0.0,0.0,magill,,,,,,
566,,,0.0,0.0,shelby,,,,,,
567,,,0.0,0.0,orey,,,,,,
568,,,0.0,0.0,fontes,,,,,,
569,,,0.0,0.0,ashdown,,,,,,
570,,,0.0,0.0,bill_moss,,,,,,
571,,,0.0,0.0,dennis_taylor,,,,,,
572,,,0.0,0.0,blanchard,,,,,,
573,,,0.0,0.0,tomaso,,,,,,
574,,,0.0,0.0,constantine,,,,,,
575,,,0.0,0.0,said,,,,,,
576,,,0.0,0.0,cade,,,,,,
580,,,0.0,0.0,godia,,,,,,
582,,,0.0,0.0,kavanagh,,,,,,
583,,,0.0,0.0,gerini,,,,,,
584,,,0.0,0.0,kessler,,,,,,
585,,,0.0,0.0,emery,,,,,,
586,,,0.0,0.0,piotti,,,,,,
587,,,0.0,0.0,ecclestone,,,,,,
588,,,0.0,0.0,taramazzo,,,,,,
589,,,0.0,0.0,chiron,,,,,,
595,,,0.0,0.0,garrett,,,,,,
596,,,0.0,0.0,elisian,,,,,,
598,,,0.0,0.0,jerry_unser,,,,,,
599,,,0.0,0.0,bisch,,,,,,
600,,,0.0,0.0,goethals,,,,,,
601,,,0.0,0.0,gibson,,,,,,
602,,,0.0,0.0,la_caze,,,,,,
603,,,0.0,0.0,guelfi,,,,,,
604,,,0.0,0.0,picard,,,,,,
605,,,0.0,0.0,bridger,,,,,,
606,,,0.0,0.0,portago,,,,,,
609,,,0.0,0.0,simon,,,,,,
610,,,0.0,0.0,leston,,,,,,
614,,,0.0,0.0,edmunds,,,,,,
616,,,0.0,0.0,george,,,,,,
617,,,0.0,0.0,macdowel,,,,,,
618,,,0.0,0.0,mackay-fraser,,,,,,
619,,,0.0,0.0,gerard,,,,,,
620,,,0.0,0.0,maglioli,,,,,,
621,,,0.0,0.0,england,,,,,,
622,,,0.0,0.0,landi,,,,,,
623,,,0.0,0.0,uria,,,,,,
624,,,0.0,0.0,ramos,,,,,,
625,,,0.0,0.0,bayol,,,,,,
630,,,0.0,0.0,dinsmore,,,,,,
631,,,0.0,0.0,andrews,,,,,,
634,,,0.0,0.0,scotti,,,,,,
635,,,0.0,0.0,chapman,,,,,,
636,,,0.0,0.0,titterington,,,,,,
637,,,0.0,0.0,scott_Brown,,,,,,
638,,,0.0,0.0,volonterio,,,,,,
639,,,0.0,0.0,milhoux,,,,,,
640,,,0.0,0.0,graffenried,,,,,,
643,,,0.0,0.0,mieres,,,,,,
645,,,0.0,0.0,bucci,,,,,,
646,,,0.0,0.0,iglesias,,,,,,
649,,,0.0,0.0,birger,,,,,,
650,,,0.0,0.0,pollet,,,,,,
651,,,0.0,0.0,macklin,,,,,,
652,,,0.0,0.0,whiteaway,,,,,,
660,,,0.0,0.0,claes,,,,,,
661,,,0.0,0.0,peter_walker,,,,,,
662,,,0.0,0.0,sparken,,,,,,
663,,,0.0,0.0,wharton,,,,,,
664,,,0.0,0.0,mcalpine,,,,,,
665,,,0.0,0.0,marr,,,,,,
666,,,0.0,0.0,rolt,,,,,,
667,,,0.0,0.0,fitch,,,,,,
668,,,0.0,0.0,lucas,,,,,,
669,,,0.0,0.0,bira,,,,,,
670,,,0.0,0.0,marimon,,,,,,
671,,,0.0,0.0,loyer,,,,,,
672,,,0.0,0.0,daponte,,,,,,
676,,,0.0,0.0,armi,,,,,,
677,,,0.0,0.0,webb,,,,,,
678,,,0.0,0.0,duncan,,,,,,
680,,,0.0,0.0,swaters,,,,,,
681,,,0.0,0.0,georges_berger,,,,,,
682,,,0.0,0.0,beauman,,,,,,
683,,,0.0,0.0,thorne,,,,,,
684,,,0.0,0.0,whitehouse,,,,,,
685,,,0.0,0.0,riseley_prichard,,,,,,
687,,,0.0,0.0,whitehead,,,,,,
688,,,0.0,0.0,brandon,,,,,,
689,,,0.0,0.0,alan_brown,,,,,,
690,,,0.0,0.0,nuckey,,,,,,
691,,,0.0,0.0,lang,,,,,,
692,,,0.0,0.0,helfrich,,,,,,
693,,,0.0,0.0,wacker,,,,,,
694,,,0.0,0.0,riu,,,,,,
695,,,0.0,0.0,galvez,,,,,,
696,,,0.0,0.0,john_barber,,,,,,
698,,,0.0,0.0,cruz,,,,,,
699,,,0.0,0.0,nalon,,,,,,
700,,,0.0,0.0,scarborough,,,,,,
701,,,0.0,0.0,holland,,,,,,
702,,,0.0,0.0,bob_scott,,,,,,
703,,,0.0,0.0,legat,,,,,,
704,,,0.0,0.0,cabantous,,,,,,
705,,,0.0,0.0,crook,,,,,,
706,,,0.0,0.0,jimmy_stewart,,,,,,
707,,,0.0,0.0,ian_stewart,,,,,,
708,,,0.0,0.0,duncan_hamilton,,,,,,
709,,,0.0,0.0,klodwig,,,,,,
710,,,0.0,0.0,krause,,,,,,
711,,,0.0,0.0,karch,,,,,,
712,,,0.0,0.0,heeks,,,,,,
713,,,0.0,0.0,fitzau,,,,,,
714,,,0.0,0.0,adolff,,,,,,
715,,,0.0,0.0,bechem,,,,,,
716,,,0.0,0.0,bauer,,,,,,
717,,,0.0,0.0,hans_stuck,,,,,,
718,,,0.0,0.0,loof,,,,,,
719,,,0.0,0.0,scherrer,,,,,,
720,,,0.0,0.0,terra,,,,,,
721,,,0.0,0.0,hirt,,,,,,
722,,,0.0,0.0,carini,,,,,,
724,,,0.0,0.0,ulmen,,,,,,
725,,,0.0,0.0,abecassis,,,,,,
730,,,0.0,0.0,fonder,,,,,,
732,,,0.0,0.0,mcdowell,,,,,,
733,,,0.0,0.0,miller,,,,,,
735,,,0.0,0.0,tornaco,,,,,,
736,,,0.0,0.0,laurent,,,,,,
737,,,0.0,0.0,obrien,,,,,,
738,,,0.0,0.0,gaze,,,,,,
739,,,0.0,0.0,charrington,,,,,,
740,,,0.0,0.0,comotti,,,,,,
741,,,0.0,0.0,etancelin,,,,,,
742,,,0.0,0.0,poore,,,,,,
743,,,0.0,0.0,thompson,,,,,,
744,,,0.0,0.0,downing,,,,,,
745,,,0.0,0.0,graham_whitehead,,,,,,
746,,,0.0,0.0,bianco,,,,,,
747,,,0.0,0.0,murray,,,,,,
748,,,0.0,0.0,cantoni,,,,,,
749,,,0.0,0.0,aston,,,,,,
750,,,0.0,0.0,brudes,,,,,,
751,,,0.0,0.0,riess,,,,,,
752,,,0.0,0.0,niedermayr,,,,,,
753,,,0.0,0.0,klenk,,,,,,
754,,,0.0,0.0,balsa,,,,,,
755,,,0.0,0.0,schoeller,,,,,,
756,,,0.0,0.0,pietsch,,,,,,
757,,,0.0,0.0,peters,,,,,,
758,,,0.0,0.0,lof,,,,,,
759,,,0.0,0.0,flinterman,,,,,,
760,,,0.0,0.0,dusio,,,,,,
761,,,0.0,0.0,crespo,,,,,,
762,,,0.0,0.0,rol,,,,,,
763,,,0.0,0.0,sanesi,,,,,,
764,,,0.0,0.0,guy_mairesse,,,,,,
765,,,0.0,0.0,louveau,,,,,,
767,,,0.0,0.0,forberg,,,,,,
768,,,0.0,0.0,rose,,,,,,
769,,,0.0,0.0,mackey,,,,,,
770,,,0.0,0.0,green,,,,,,
771,,,0.0,0.0,walt_brown,,,,,,
772,,,0.0,0.0,hellings,,,,,,
773,,,0.0,0.0,levegh,,,,,,
774,,,0.0,0.0,chaboud,,,,,,
775,,,0.0,0.0,gordini,,,,,,
776,,,0.0,0.0,kelly,,,,,,
777,,,0.0,0.0,parker,,,,,,
778,,,0.0,0.0,shawe_taylor,,,,,,
779,,,0.0,0.0,john_james,,,,,,
780,,,0.0,0.0,branca,,,,,,
781,,,0.0,0.0,richardson,,,,,,
782,,,0.0,0.0,jover,,,,,,
783,,,0.0,0.0,grignard,,,,,,
784,,,0.0,0.0,hampshire,,,,,,
785,,,0.0,0.0,crossley,,,,,,
787,,,0.0,0.0,harrison,,,,,,
788,,,0.0,0.0,fry,,,,,,
789,,,0.0,0.0,martin,,,,,,
790,,,0.0,0.0,leslie_johnson,,,,,,
791,,,0.0,0.0,biondetti,,,,,,
792,,,0.0,0.0,pian,,,,,,
793,,,0.0,0.0,sommer,,,,,,
794,,,0.0,0.0,chitwood,,,,,,
795,,,0.0,0.0,fohr,,,,,,
796,,,0.0,0.0,ader,,,,,,
797,,,0.0,0.0,holmes,,,,,,
798,,,0.0,0.0,levrett,,,,,,
799,,,0.0,0.0,jackson,,,,,,
800,,,0.0,0.0,pagani,,,,,,
801,,,0.0,0.0,pozzi,,,,,,
803,,,0.0,0.0,cantrell,,,,,,
804,,,0.0,0.0,mantz,,,,,,
805,,,0.0,0.0,kladis,,,,,,
806,,,0.0,0.0,oscar_gonzalez,,,,,,
810,,,0.0,0.0,grassi,,,,,,
812,,,0.0,0.0,chandhok,,,,,,
827,,,0.0,0.0,lotterer,,,,,,
829,,,0.0,0.0,stevens,,,,,,
833,,,0.0,0.0,merhi,,,,,,
837,,,0.0,0.0,haryanto,,,,,,
